Nº de Socio,Jefe,Ubicación,Departamento,Fecha de Ingreso,Fecha de Baja,Motivo Baja,El trabajo fue adecuado?,Orden,Limpieza,Seguridad,Calor,Luz,Vestidores,Ventilacion,Opinion Empresa,Opinion Jefe,Ambiente Trabajo,Capacitacion,Induccion,Prestaciones,Como se sintio en la empresa,Lo que mas gusto,Lo que menos gusto,Recomendacion,Volveria a trabajar aqui
4162620,NA,Mexico ll,OPERACIONES,07/03/22,05/01/23,mejora laboral,SI,BUENA,BUENA,REGULAR,REGULAR,REGULAR,BUENA,BUENA,BUENA,REGULAR,BUENO,SI,SI,BUENAS,MUY BIEN,AMBIENTE LABORAL,NA,NINGUNA,SI
3080858,NA,Mexico ll,OPERACIONES,30/09/22,12/03/23,NA,SI,BUENA,BUENA,BUENA,BUENA,BUENA,BUENA,BUENA,NA,NA,BUENO,SI,SI,BUENAS,BIEN,TODO,NA,NINGUNA,SI
4068986,NA,Mexico ll,OPERACIONES,22/11/22,23/01/22,NA,SI,REGULAR,MALA,REGULAR,REGULAR,REGULAR,MALA,REGULAR,BUENA,LE FALTA COMPROMISO Y RESPETO,BUENO,SI,SI,NA,BIEN,CUANDO ME ASIGNARON RUTA,CUANDO ME QUITARON LA RUTA,TENER MAS CONTROL Y RESPETAR LO QUE DICEN,SI
4175720,NA,Mexico ll,OPERACIONES,18/11/22,17/01/23,NA,NO,REGULAR,MALA,MALA,REGULAR,REGULAR,REGULAR,REGULAR,MALA EXPERIENCIA,MALA,NA,NO,NO,NA,NA,NA,NA,NA,NA
4063368,OSCAR ORTEGA VILLA,Mexico ll,OPERACIONES,10/01/20,05/01/23,Termino de contrato,SI,BUENA,BUENA,BUENA,BUENA,BUENA,BUENA,BUENA,BUENA,MAS O MENOS,BIEN,SI,SI,BUENAS,BIEN,EL TRABAJO EN GENERAL,ACTITUD DE SUPERVISORES,NA,SI
3571304,NA,Mexico ll,OPERACIONES,22/11/22,13/03/23,NA,SI,REGULAR,REGULAR,BUENA,REGULAR,REGULAR,MALA,MALA,BUENA,MALA,BUENO,SI,SI,BUENAS,BIEN,NA,NA,COMUNICACION,SI
4178635,NA,Mexico ll,OPERACIONES,02/02/23,13/02/23,Transporte,SI,REGULAR,BUENA,BUENA,REGULAR,REGULAR,BUENA,BUENA,MUY BUENA,MUY BUENA ATENCION,MUY ESTRESANTE,SI,SI,NA,MUY A GUSTO,NA,LAS ENTREGAS EN LA MADRUGADA,TENER MAS DETALLE EN ALMACEN DE LOGISTICA,SI
4178259,OSCAR ORTEGA VILLA,Mexico ll,OPERACIONES,26/01/23,13/03/23,Reestructura,SI,BUENA,BUENA,BUENA,BUENA,BUENA,BUENA,BUENA,BUENA,EXCELENTE,BUENO,NO,SI,BUENAS,FALTO CAPACITACION,AMBIENTE LABORAL,NA,MEJORAR EL CONTROL,SI
4178854,NA,Mexico ll,OPERACIONES,07/02/23,21/02/23,Problemas familiares,SI,BUENA,BUENA,REGULAR,BUENA,BUENA,REGULAR,NA,BUENA,NA,BUENO Y ESTABLE,SI,SI,NA,BIEN,NA,NA,NA,SI
4177990,OSCAR ORTEGA VILLA,Mexico ll,OPERACIONES,20/01/23,13/03/23,Termino de contrato,NA,BUENA,BUENA,BUENA,REGULAR,BUENA,BUENA,BUENA,BUENA,BUENA ATENCION,BUENA ATENCION,SI,SI,BUENAS,BIEN,TODO,NA,NA,SI
43980,OSCAR ORTEGA VILLA,Mexico ll,OPERACIONES,26/05/22,13/03/23,Reestructura,SI,BUENA,BUENA,BUENA,BUENA,BUENA,BUENA,BUENA,NA,NA,NA,NA,NA,NA,NA,NA,NA,NA,SI
1791546,NA,Mexico ll,OPERACIONES,13/12/22,03/03/23,Problemas familiares,SI,BUENA,BUENA,BUENA,BUENA,BUENA,BUENA,BUENA,MUY BUENA,COMPRENSIVO Y ATENTO,MUY BUENO,SI,SI,EXCELENTES,CONTENTO Y A GUSTO,NA,TRABAJO RUDO Y ROTACION DE GENTE,NA,SI
4175712,OSCAR ORTEGA VILLA,Mexico ll,OPERACIONES,17/11/22,01/03/23,Problemas familiares,SI,BUENA,BUENA,BUENA,BUENA,BUENA,BUENA,BUENA,MUY BUENA,BUENA,MUY BUENO,SI,SI,BUENAS Y SUFICIENTES,MUY BIEN,TODO,NA,NINGUNA,SI
4178538,NA,Mexico ll,OPERACIONES,02/02/23,02/03/23,NA,NA,NA,NA,NA,NA,NA,NA,NA,NA,NA,NA,NA,NA,NA,NA,NA,NA,NA,NA
3371411,NA,Mexico ll,OPERACIONES,06/04/17,31/01/23,NA,SI,REGULAR,REGULAR,REGULAR,REGULAR,REGULAR,MALA,MALA,BUENA,REGULAR,BUENO,SI,SI,REGULAR,NA,NA,NA,NA,SI
4177171,OSCAR ORTEGA VILLA,Mexico ll,OPERACIONES,22/12/22,22/02/23,No se entendio con el jefe,SI,REGULAR,NA,BUENA,NA,MALA,NA,NA,NA,FALTA DE CONSCIENCIA CON LA GENTE,REGULAR,SI,NO,BUENAS,BIEN,NA,LAS DESVELADAS,QUE TODAS LAS RUTAS TENGAN UNA ESTRUCTURA,SI
1984242,NA,Mexico ll,OPERACIONES,11/01/23,24/01/23,Cambio de residencia,SI,REGULAR,MALA,REGULAR,REGULAR,REGULAR,BUENA,BUENA,BUENA,NO TUVE MUCHA INTERACCION,REGULAR,SI,SI,BUENAS,BIEN,TRABAJO QUE SE REALIZABA,HORARIOS,HORARIOS MAS ACCESIBLES,SI
4174003,NA,Mexico ll,OPERACIONES,13/10/22,17/02/23,Problemas familiares,SI,REGULAR,BUENA,BUENA,BUENA,BUENA,BUENA,BUENA,MUY BUENA,BUENA,BUENO,SI,SI,BUENAS,MUY BIEN,PAGOS PUNTUALES,HORARIOS,TENER MAS GENTE PARA MEJOR ORGANIZACION,SI
4175650,NA,Mexico ll,OPERACIONES,17/11/22,23/01/23,NA,NA,NA,NA,NA,NA,NA,NA,NA,NA,NA,NA,NA,NA,NA,NA,NA,NA,NA,NA
4165056,OSCAR ORTEGA VILLA,Mexico ll,OPERACIONES,15/04/22,17/03/23,Razones de horario,SI,BUENA,BUENA,BUENA,BUENA,BUENA,BUENA,BUENA,MUY BUENA,BUENA,BUENO,SI,SI,BUENAS,BIEN,TODO,NA,NINGUNA,SI
3840681,NA,Mexico ll,OPERACIONES,17/01/23,20/02/23,No cumplio sus expectativas,SI,REGULAR,REGULAR,REGULAR,REGULAR,REGULAR,REGULAR,REGULAR,MUY BUENA,BUENA,FALTA ORDEN Y RESPETO,SI,SI,DEBEN SER MAS ALTAS,REGULAR,EL ORDEN AL SACAR RUTA,HACER PAPELEO,TENER MAS ORDEN,SI
4176759,NA,Mexico ll,OPERACIONES,09/12/22,24/03/23,incomformidad,SI,BUENA,BUENA,BUENA,BUENA,BUENA,REGULAR,REGULAR,BUENA,TENIA SUS MOMENTOS,MUY BUENO,SI,SI,NA,BIEN,LA MOTIVACION,NA,NA,SI
4177860,NA,Mexico ll,OPERACIONES,17/01/23,24/03/23,NA,SI,BUENA,BUENA,BUENA,BUENA,BUENA,BUENA,BUENA,BUENA,BUENO,BUENO,SI,SI,BUENAS,BIEN,AMBIENTE LABORAL,NA,NINGUNA,SI
4177271,NA,Mexico ll,OPERACIONES,27/12/22,23/02/23,No cumplio sus expectativas,SI,MALA,REGULAR,REGULAR,BUENA,BUENA,MALA,REGULAR,NA,NA,BUENOS COMPAÑEROS,SI,SI,BUENAS,INCONFORME POR FALTA DE PAGO,SURTIR OXXO,FALTA DE PAGO,NA,NO
4178006,NA,Mexico ll,OPERACIONES,20/01/23,13/03/23,Termino de contrato,NA,BUENA,BUENA,BUENA,BUENA,BUENA,BUENA,BUENA,BUENA,AMABLE,EXCELENTE,SI,SI,NA,NA,NA,NA,NA,SI
4175845,NA,Mexico ll,OPERACIONES,23/11/22,17/02/23,mejora laboral,NO,MALA,REGULAR,REGULAR,NA,BUENA,REGULAR,BUENA,NA,NA,NA,NA,NA,NA,NA,NA,NO RESPETAN HORARIOS,NA,NO
4177970,OSCAR ORTEGA VILLA,Mexico ll,OPERACIONES,20/01/23,21/03/23,Termino de contrato,SI,BUENA,REGULAR,BUENA,BUENA,BUENA,BUENA,BUENA,BUENA,BUENO,BUENO,SI,SI,BUENAS,BIEN,NA,SEGUIMIENTO HACIA COLABORADORES,INVESTIGAR BIEN A LAS PERSONAS QUE HACEN MALOS ACTOS,SI
4179415,NA,Mexico ll,OPERACIONES,22/02/23,23/03/23,NA,NA,REGULAR,REGULAR,BUENA,REGULAR,REGULAR,REGULAR,REGULAR,MUY BUENA,BUENO,BUENO,SI,NA,MUY BUENAS,MUY BIEN,AMBIENTE LABORAL,NA,NINGUNA,SI
4158418,NA,Mexico ll,OPERACIONES,22/11/21,23/03/23,incomformidad,SI,REGULAR,REGULAR,BUENA,BUENA,BUENA,REGULAR,BUENA,BUENA,ACTUABA SIN SABER EL CONTEXTO,BUENO,SI,SI,REGULAR,BIEN,TRABAJO EN EQUIPO,FORMA DE HABLAR DE LOS SUPERVISORES,COMUNICACION,SI
1734406,NA,Mexico ll,OPERACIONES,07/02/23,22/03/23,No se entendio con el jefe,SI,BUENA,BUENA,BUENA,BUENA,BUENA,BUENA,BUENA,BUENA,NA,BUENO,SI,SI,BUENAS,BIEN,NA,NA,NINGUNA,SI
4178446,NA,Mexico ll,OPERACIONES,27/01/23,24/03/23,incomformidad,SI,MALA,REGULAR,REGULAR,REGULAR,REGULAR,REGULAR,REGULAR,BUENA,MALA,REGULAR,NO,SI,NA,REGULAR,NADA,NA,RESPONSABILIDAD Y ORDEN,SI
3085021,NA,Mexico ll,OPERACIONES,21/09/15,16/03/23,mejora laboral,NA,MALA,MALA,MALA,REGULAR,BUENA,BUENA,BUENA,BUENA,BUENO PERO EL JEFE DE OPERACIONES NO DA LA CARA POR SU GENTE,MALO,SI,SI,NA,MAL,NA,TRATO A LOS COLABORADORES,NA,NO
4087851,NA,Mexico ll,OPERACIONES,02/12/22,17/03/23,incomformidad,SI,REGULAR,REGULAR,MALA,REGULAR,BUENA,MALA,REGULAR,BUENA EMPRESA CON MALOS COLABORADORES,No cumple con lo que dice,"Mal, el cliente te trata pésimo",SI,SI,NA,REGULAR,NA,NA,CAMBIAR A LOS SUPERVISORES,NO
4180507,NA,Mexico ll,OPERACIONES,14/03/23,17/032023,Transporte,SI,BUENA,BUENA,BUENA,BUENA,BUENA,BUENA,BUENA,NA,NA,NA,NA,SI,NA,NA,LA ENTREGA,ATENCION AL CLIENTE,AGILIZAR TRAMITES DE ENTREGA EN CEDIS Y TIENDAS,NO
4172593,NA,Mexico ll,OPERACIONES,17/01/23,15/03/23,Continuar estudios,SI,BUENA,BUENA,BUENA,BUENA,BUENA,REGULAR,REGULAR,BUENA,BUENA,BUENA,BUENA,SI,BUENA,BIEN,TODO BIEN,TODO BIEN,TODO BUENO,SI
4177346,OSCAR ORTEGA VILLA,Mexico ll,OPERACIONES,29/12/23,15/032023,mejora laboral,SI,BUENA,BUENA,BUENA,REGULAR,BUENA,BUENA,BUENA,NA,NA,NA,NA,NA,NA,NA,NA,NA,NA,NA
4179108,NA,Mexico ll,OPERACIONES,16/'2/2023,27/02/23,mejora laboral,SI,REGULAR,BUENA,REGULAR,REGULAR,BUENA,REGULAR,REGULAR,BUENA EMPRESA,BUENA PERSONA,BUEN AMBIENTE LABORAL,SI,SI,BUENAS,MUY BIEN,ES BUENA EMPRESA,SON MUCHAS HORAS LABORADAS,QUE SEA MENOS TIEMPO PARA SALIR A RUTA Y PARA LIBERAR LOS VIAJES,SI
4177539,NA,Mexico ll,OPERACIONES,06/01/23,30/01/23,Problemas de salud,SI,BUENA,BUENA,BUENA,BUENA,BUENA,REGULAR,REGULAR,BUENA EMPRESA,BUENA,BUENA,SI,SI,BUENAS,MUY BIEN,LOS HORARIOS,NA,MEJORAR LA CAPACITACIÓN,SI
4178082,NA,Mexico ll,OPERACIONES,20/01/23,17/02/23,incomformidad,NO,REGULAR,BUENA,BUENA,REGULAR,REGULAR,REGULAR,REGULAR,BUENA,HAY QUE ALIMENTAR SU CARGO COMO JEFE,REGULAR,MUY POCA LA AYUDA PARA LO QUE DESEAN,SI,BUENAS,PESADO,EL PAGO,ATENCION DE JEFES DIRECTOS,MAS PERSONAL DE MANIOBRAS,SI
4164562,DANIEL ARANDA GARCIA,Mexico ll,OPERACIONES,08/04/22,15/02/23,Problemas familiares,SI,BUENA,REGULAR,BUENA,BUENA,BUENA,BUENA,BUENA,BUENA EN CUANTO ORGANIZACION Y TRABAJO,NUNCA TUVE PROBLEMAS CON EL,ES BUENA,FALTO EL MEDIO CELULAR,SI,SON BUENAS Y APEGADAS A LA LEY,NO HUBO PROBLEMAS,AMBIENTE LABORAL,CAMBIO REPENTINO DE RUTAS,MEJOR ORGANIZACION EN CUANTO A RUTAS,SI
4175362,NA,Mexico ll,OPERACIONES,11/11/22,15/02/23,NA,SI,BUENA,BUENA,BUENA,REGULAR,REGULAR,REGULAR,REGULAR,BUENA,BUENO,BUENO,SI,SI,BUENAS,BIEN,NA,NA,NINGUNA,SI
3047654,DANIEL ARANDA GARCIA,Mexico ll,OPERACIONES,10/07/15,14/02/23,NA,SI,BUENA,BUENA,BUENA,BUENA,BUENA,BUENA,BUENA,BUENA,MALA,NA,SI,SI,BUENA,EXCELENTE,ME ENSEÑO BASTANTE,ACTUAL JEFE,CAMBIAR A LOS JEFES,SI
3641115,NA,Mexico ll,OPERACIONES,06/10/22,09/01/23,Problemas familiares,SI,REGULAR,BUENA,BUENA,REGULAR,BUENA,REGULAR,BUENA,MUY BUENA EMPRESA,NA,BUENA COMUNICACION,SI,SI,BUENAS PARA TODOS LOS TRABAJADORES,BIEN,PRESTACIONES,LEJOS DE CASA,TENER MAS CAMIONES PARA PODER ENTREGAR A TIEMPO,SI
4174004,DANIEL ARANDA GARCIA,Mexico ll,OPERACIONES,13/10/22,16/02/23,NA,SI,BUENA,BUENA,BUENA,BUENA,BUENA,BUENA,BUENA,BUENA,BUENA,REGULAR,SI,SI,BUENAS,BIEN,SUELDO,NA,MAS ORGANIZACION,SI
4167820,DANIEL ARANDA GARCIA,Mexico ll,OPERACIONES,03/06/22,17/01/23,NA,SI,BUENA,BUENA,BUENA,BUENA,BUENA,BUENA,BUENA,BUENA,BUENA PERSONA,BUEN AMBIENTE LABORAL,SI,SI,BUENAS,EXCELENTE,NA,HORARIOS DE CARGA,NA,SI
4176581,OSCAR ORTEGA VILLA,Mexico ll,OPERACIONES,06/12/22,05/01/23,Termino de contrato,SI,REGULAR,BUENA,REGULAR,REGULAR,BUENA,REGULAR,REGULAR,MUY BUENA EMPRESA PARA TRABAJAR,BUENA,BUENA,SI,SI,BUENAS,AGRADABLE,ANDAR EN RUTA,LOS HORARIOS,QUE ASIGNEN HORARIOS FIJOS,SI
4175354,OSCAR ORTEGA VILLA,Mexico ll,OPERACIONES,11/11/22,11/01/23,NA,SI,BUENA,BUENA,BUENA,REGULAR,BUENA,BUENA,REGULAR,BUENA EMPRESA,BUENA,BUENA,SI,SI,BUENAS,BIEN,NA,SUELDO CON PENDIENTE,ORGANIZACIÓN,SI
3553748,NA,Mexico ll,OPERACIONES,08/11/22,10/01/23,mejora laboral,SI,REGULAR,BUENA,BUENA,BUENA,BUENA,MALA,REGULAR,BUENA EMPRESA,BUENA,BUENO,SI,SI,BUENAS,BIEN,NA,TIEMPO DE TRABAJO,MAS COMUNICACION CON ALMACEN,SI
4178851,OSCAR ORTEGA VILLA,Mexico ll,OPERACIONES,07/02/23,21/02/23,NA,SI,REGULAR,BUENA,BUENA,BUENA,BUENA,BUENA,BUENA,BUEN EMPLEO,SIN COMENTARIOS,BUENO,SI,SI,BUENAS,MUY BIEN,NA,EL TURNO,INVESTIIGAR MUY A FONDO,SI
4177013,NA,Mexico ll,OPERACIONES,20/12/22,12/02/23,NA,SI,BUENA,BUENA,BUENA,BUENA,BUENA,BUENA,BUENA,BUENA,BUENA,BUENA,SI,SI,REGULARES,BUENA,NA,HORARIO,ORGANIZACION,SI
4177213,NA,Mexico ll,OPERACIONES,27/12/22,30/01/23,No cumplio sus expectativas,NO,NA,MALA,NA,MALA,NA,NA,NA,NA,NA,NA,NA,NA,NA,NA,NA,NA,NA,NA
4172670,NA,Mexico ll,OPERACIONES,14/09/22,03/03/23,NA,SI,BUENA,BUENA,BUENA,REGULAR,BUENA,BUENA,BUENA,MUY BUENA PARA DESARROLLAR LAS ACTIVIDADES,BUENA,BUENO,SI,SI,JUSTAS,DE BUENA MANERA,ACTIVIDAD LABORAL,DISTANCIAS,MAS ORGANIZACION ENTRE COLABORADORES,SI
4173591,NA,Mexico ll,OPERACIONES,05/10/22,09/02/23,Problemas familiares,SI,REGULAR,BUENA,REGULAR,BUENA,BUENA,REGULAR,BUENA,BUENA,BUENA,BUENA,SI,SI,BUENA,EXCELENTE,TODO,NA,DISMINUIR BULTOS,SI
4173663,NA,Mexico ll,OPERACIONES,06/10/22,01/02/23,NA,SI,MALA,BUENA,BUENA,NA,BUENA,BUENA,BUENA,"BUENA EMPRESA, SOLO FALTA COMUNICACION",NO ATIENTE EL TELEFONO,BUENO,SI,SI,EXCELENTES,MUY BIEN,EL AMBIENTE,NA,COMUNICACION ENTRE ANREAS,SI
3116137,NA,Mexico ll,OPERACIONES,07/10/22,04/01/23,NA,SI,REGULAR,BUENA,BUENA,BUENA,BUENA,REGULAR,BUENA,MUY BUENA EMRESA,EFICIENTE,"DISPERSO, ME GUSTARIA QUE TRABAJEN MAS EN EQUIPO Y SER MAS UNIDOS",SI,SI,EXCELENTES,MUY BIEN,TRABAJO EN LA CALLE,HORARIOS INESTABLES,MEJORAR HORARIOS,SI
4159295,NA,Mexico ll,OPERACIONES,10/12/21,13/01/23,NA,SI,REGULAR,REGULAR,REGULAR,REGULAR,REGULAR,BUENA,BUENA,BUENA,BUEN JEFE,BUENA,SI,SI,NA,BIEN,AYUDO A CRECER,NA,NA,SI
4168295,NA,Mexico ll,OPERACIONES,17/06/22,20/01/23,No se entendio con el jefe,SI,REGULAR,BUENA,BUENA,BUENA,BUENA,BUENA,BUENA,EMPRESA MUY BUENA CON JEFES INMEDIATOS MALOS,MALA COMUNICACION,MAL,SI,SI,BUENAS,BIEN EXCEPTO CON MI JEFE,COMPROMISO DE LA EMPRSA,LOS JEFES INMEDIATOS NO PASABAN,MEJORAR ATENCION,SI
4173284,NA,Mexico ll,OPERACIONES,28/09/22,16/01/23,NA,SI,REGULAR,REGULAR,BUENA,REGULAR,BUENA,NA,BUENA,BUEN MANEJO DE PERSONAS Y BUENA CAPACITACION,MUY BUENA PERSONA,ES ADECUADO PARA LO QUE HACEN,SI,SI,MUY BUENA,MUY BIEN,LAS RUTAS FORANEAS,EL HORARIO,NA,SI
4147313,NA,Mexico ll,OPERACIONES,23/04/21,01/02/23,mejora laboral,SI,REGULAR,BUENA,REGULAR,BUENA,BUENA,BUENA,BUENA,MUY BUENA,BUENA,MUY BUENA,SI,SI,BUENAS,A GUSTO,NA,TRABAJO HASTA EN DIAS DE DESCANSO,QUE SIGAN MANTENIENDO CADA PROCESO DE ENTREGA,SI
4012179,OSCAR ORTEGA VILLA,Mexico ll,OPERACIONES,24/05/19,10/02/23,mejora laboral,SI,BUENA,BUENA,BUENA,BUENA,BUENA,BUENA,BUENA,BUENA,A VECES NO SE ENFOCA EN SU TRABAJO,BUENO,SI,SI,BUENAS,BIEN,SUELDO,RUTAS,QUE ORGANICEN BIEN LAS RUTAS,SI
40664394,OSCAR ORTEGA VILLA,Mexico ll,OPERACIONES,17/01/20,10/02/23,NA,SI,REGULAR,MALA,BUENA,BUENA,BUENA,REGULAR,BUENA,BUENA,BUEN JEFE,BIEN,SI,SI,BUENAS,MUY BIEN,EL TRABAJO,LAS RUTAS,MEJORAR LAS RUTAS,SI
4175760,NA,Mexico ll,OPERACIONES,18/11/22,13/03/23,Problemas familiares,SI,REGULAR,BUENA,BUENA,BUENA,BUENA,MALA,BUENA,ES UNA BUENA EMPRESA CON BUENAS PRESTACIONES Y BUEN AMBIENTE LABORAL,SIEMPRE AL PENDIENTE Y RESOLVIO DUDAS,MUY BUENO,SI,SI,MUY BUENAS,BIEN,LAS PRESTACIONES,NO HAY ORGANIZACION,QUE SE INTEGREN MAS COMO EQUIPO PARA PODER MEJORAR LA ORGANIZACION,SI
4178266,DANIEL ARANDA GARCIA,Mexico ll,OPERACIONES,26/01/23,21/01/23,Problemas familiares,SI,REGULAR,BUENA,BUENA,BUENA,BUENA,REGULAR,BUENA,BUENA EMPRESA,BUEN JEFE,BUENO,SI,SI,BUENAS,BIEN,ESCUELA PARA OPERADORES,NA,COORDINAR LAS CARGAS PARA TIENDAS Y RUTAS FIJAS,NA
1639585,DANIEL ARANDA GARCIA,Mexico ll,OPERACIONES,01/04/22,08/03/23,Problemas de salud,SI,BUENA,BUENA,BUENA,REGULAR,BUENA,REGULAR,BUENA,NA,NA,NA,NA,NA,NA,NA,NA,NA,NA,NA
5223757,EDUARDO TELLO,AZCAPOTZALCO,AYUDANTE REPARTO ABARROTES LOCAL,20/01/23,17/02/23,PROBLEMAS FAMILIARES,SI,BUENA,BUENA,BUENA,REGULAR,BUENA,BUENA,BUENA,BUENA,EXCELENTE,BUENO,SI,SI,MUY BUENA,MUY BIEN,TODO ME GUSTO,NA,NINGUNA,SI
4171427,EDUARDO TELLO,AZCAPOTZALCO,AYUDANTE CAMIONETA,18/08/22,14/02/23,CAMBIO DE RESIDENCIA,SI,BUENA,BUENA,BUENA,BUENA,BUENA,BUENA,BUENA,EXCELENTE,EXCELENTE,EXCELENTE,SI,SI,EXCELENTE,BIEN,EXCELENTE COMUNICACION,NA,NINGUNA,SI
4176863,EDUARDO TELLO,AZCAPOTZALCO,AYUDANTE CAMIONETA,13/12/22,27/01/23,mejora laboral,SI,BUENA,BUENA,BUENA,BUENA,BUENA,BUENA,BUENA,BUENA,BUENA,BUENA,SI,SI,BUENA,BIEN,TODO ME GUSTO,NA,NIINGUNA,SI
4176864,EDUARDO TELLO,AZCAPOTZALCO,OPERADOR CAMIONETA,13/12/22,25/01/23,NA,NA,NA,NA,NA,NA,NA,NA,NA,NA,NA,NA,NA,NA,NA,NA,NA,NA,NA,NA
4175709,EDUARDO TELLO,AZCAPOTZALCO,OPERADOR REPARTIDOR ABARROTES LOCAL,20/01/21,18/11/22,NA,NA,NA,NA,NA,NA,NA,NA,NA,NA,NA,NA,NA,NA,NA,NA,NA,NA,NA,NA
4174009,EDUARDO TELLO,AZCAPOTZALCO,OPERADOR REPARTIDOR ABARROTES LOCAL,12/10/22,11/01/23,PROBLEMAS FAMILIARES,SI,BUENA,BUENA,BUENA,BUENA,BUENA,BUENA,BUENA,EXCELENTE,MUY AMABLE,EXCELENTE,SI,SI,EXCELENTE,MUY BIEN,EL TRATO DE LA PERSONA,NA,NA,SI
4171460,EDUARDO TELLO,AZCAPOTZALCO,AYUDANTE CAMIONETA,19/08/22,15/02/23,incomformidad,NA,REGULAR,REGULAR,REGULAR,REGULAR,REGULAR,REGULAR,REGULAR,NA,NA,NA,NA,NA,NA,NA,NA,NA,NA,NO
4068023,EDUARDO TELLO,AZCAPOTZALCO,OPERADOR REPARTIDOR ABARROTES LOCAL,31/01/20,22/03/23,NA,NA,NA,NA,NA,NA,NA,NA,NA,NA,NA,NA,NA,NA,NA,NA,NA,NA,NA,NA
3101495,EDUARDO TELLO,AZCAPOTZALCO,OPERADOR REPARTIDOR ABARROTES LOCAL,07/03/23,21/03/23,RAZONES DE HORARIO,SI,BUENA,BUENA,BUENA,BUENA,BUENA,BUENA,BUENA,MUY BUENA,NA,BUENO,SI,SI,NA,MUY BIEN,TODO MUY BIEN EL PROBLEMA ES EL HORARIO,NA,NA,SI
1693082,EDUARDO TELLO,AZCAPOTZALCO,OPERADOR REPARTIDOR ABARROTES LOCAL,27/01/23,17/02/23,PROBLEMAS FAMILIARES,SI,BUENA,BUENA,BUENA,BUENA,BUENA,REGULAR,BUENA,MUY BUENA,BUENOS Y ATENTOS,RELAJADO Y LLENO DE COMPROMISO,SI,SI,MUY BUENAS Y ALTAS,MUY BIEN,EL AMBIENTE,LA CARGA DE TRABAJO,DAR UN POCO MAS DE TIEMPO DE ADAPTACION A LOS DE NUEVO INGRESO,SI
4179190,EDUARDO TELLO,AZCAPOTZALCO,OTRAS,17/02/23,22/03/23,OTRAS,SI,REGULAR,BUENA,BUENA,BUENA,BUENA,BUENA,BUENA,"MUY BUENA, NO QUERIA DEJAR MI EMPLEO","MUY BUENA, ALGO DISTRAIDA",CORRESPONDIENTE Y AMBIENTAL,SI,SI,MUY BUENA,MUY BUENA,TODO EXCELENTE,NA,NINGUNA,SI
4178376,EDUARDO TELLO,AZCAPOTZALCO,OPERADOR REPARTIDOR ABARROTES LOCAL,27/01/23,22/03/23,OTRAS,SI,BUENA,BUENA,BUENA,BUENA,BUENA,BUENA,BUENA,BUENA,BUENA,EXCELENTE,SI,SI,BUENAS,BIEN,LA APORTACION LABORAL,NA,NINGUNA,SI
41747827,EDUARDO TELLO,AZCAPOTZALCO,OPERADOR REPARTIDOR ABARROTES LOCAL,28/10/22,01/03/23,OTRAS,SI,BUENA,BUENA,BUENA,BUENA,BUENA,BUENA,BUENA,BUENA EMPRESA,NA,NA,SI,SI,BUENAS,BIEN,NA,NA,NINGUNA,NA
4179888,EDUARDO TELLO,AZCAPOTZALCO,OPERADOR REPARTIDOR ABARROTES LOCAL,07/03/23,15/03/23,incomformidad,SI,REGULAR,BUENA,BUENA,REGULAR,BUENA,BUENA,BUENA,BUENA,BUENA,AGRADABLE,SI,SI,BUENAS,BIEN,EL TRABAJO,LOS HORARIOS SON UN POCO EXTREMOS,"MAS COORDINACION PARA LA SALIDA DE LAS RUTAS, ENTRE MAS TEMPRANO SALGAN MEJOR SERA",SI
4178497,EDUARDO TELLO,AZCAPOTZALCO,AYUDANTE REPARTO ABARROTES LOCAL,31/01/23,16/03/23,PROBLEMAS FAMILIARES,SI,BUENA,BUENA,BUENA,BUENA,BUENA,BUENA,BUENA,BUENA Y RECOMENDABLE,ES PERSONA FUNCIONAL EL CUAL TE ADAPTA PARA LABORAR,BUENO,SI,SI,MUY BUENAS Y ALTAS,BIEN,LAS OPORTUNIDADES DE TRABAJO EN LO CUAL SI TRABAJAS MAS GANAS MAS,LAS DIFERENCIAS ENTRE COMPAÑEROS,MAS CAPACITACIONES PARA PERSONAS NUEVAS,SI
4176956,EDUARDO TELLO,AZCAPOTZALCO,OPERADOR CAMIONETA,09/02/22,16/12/22,OTRAS,SI,BUENA,BUENA,BUENA,BUENA,BUENA,BUENA,BUENA,NA,NA,NA,NA,NA,NA,NA,NA,NA,NA,SI
4168435,MISAEL,TIJUANA,OPERACIONES DE ABARROTES,13/06/22,21/02/23,NA,SI,BUENA,BUENA,BUENA,BUENA,BUENA,BUENA,BUENA,BUENA,BUENO,BIEN,SI,SI,BUENAS,BIEN,LA ACTIVIDAD,MUY CANSADO,NA,SI
4163072,PEDRO ALEJANDRO MARTINEZ,TIJUANA,OPERACIONES DE ABARROTES,10/03/22,02/01/23,NA,SI,BUENA,BUENA,REGULAR,BUENA,BUENA,REGULAR,REGULAR,BUENA,NA,AGRADABLE,SI,SI,BASICAS,CANSADO,HORAS EXTRA,NA,EMPATIA,SI
4174827,MISAEL,TIJUANA,OPERACIONES DE ABARROTES,27/10/22,24/03/23,NA,SI,BUENA,BUENA,BUENA,BUENA,BUENA,BUENA,BUENA,COMODA,BUENO,NA,SI,SI,BASICAS,COMODO,NA,MUCHO TRABAJO,PACIENCIA,SI
4177597,GERMAN,TIJUANA,OPERACIONES DE ABARROTES,09/01/23,16/03/23,SALARIO,SI,BUENA,BUENA,BUENA,BUENA,BUENA,BUENA,BUENA,BUENA,ACCESIBLE,BUENO,SI,SI,POCAS,COMODO,NA,NA,NA,SI
4177596,ROBERTO DIONICIO GONZALEZ,TIJUANA,OPERACIONES,09/01/23,16/01/23,No cumplio sus expectativas,NO,REGULAR,BUENA,MALA,REGULAR,REGULAR,BUENA,BUENA,BUENA,BUENA,BUENO,NA,SI,BUENAS,BIEN,SALIDA TEMPRANO,MUCHO TRABAJO,INCENTIVOS ECONOMICOS,SI
4175194,MIGUEL GAMBINO,TIJUANA,OPERACIONES,07/11/22,31/01/23,RAZONES DE HORARIO,SI,BUENA,BUENA,BUENA,REGULAR,REGULAR,BUENA,REGULAR,BUENA,RESPONSABLE,BUENO,SI,SI,BUENAS,BIEN,OPORTUNIDAD DE CRECIMIENTO,CAMBIOS DE TURNO,NA,SI
4178106,PEDRO ALEJANDRO MARTINEZ,TIJUANA,OPERACIONES,20/01/23,01/02/23,NA,NO,BUENA,BUENA,BUENA,BUENA,BUENA,BUENA,BUENA,BUENA,AMABLE,BUENO,SI,SI,MUY BUENAS,BIEN,NA,NA,NA,SI
1672351,MISAEL RAMIREZ,TIJUANA,OPERACIONES,28/11/22,02/02/23,CAMBIO DE RESIDENCIA,SI,REGULAR,BUENA,BUENA,BUENA,BUENA,BUENA,BUENA,EXCELENTE,ATENTO,BUENO,SI,SI,BUENAS,BIEN,AMBIENTE LABORAL,RUTAS MAL TRAZADAS,MEJORAR LOGISTICA,SI
4151693,GERMAN,TIJUANA,OPERACIONES,06/07/21,07/02/23,PROBLEMAS FAMILIARES,SI,BUENA,BUENA,BUENA,BUENA,BUENA,BUENA,BUENA,EXCELENTE,RESPETUOSO,MUY BUENO,SI,SI,BUENAS,BIEN,COMPAÑERISMO,NA,CAMPAÑAS DE CONCIENTIZACION,SI
4172761,GERMAN,TIJUANA,OPERACIONES,15/09/22,07/02/23,CAMBIO DE RESIDENCIA,SI,REGULAR,BUENA,BUENA,REGULAR,BUENA,BUENA,BUENA,BUENA,BUENO,BUENO,SI,SI,BASICAS,BIEN,EL TRABAJO,NO PAGAN A TIEMPO LOS BONOS,MEJORAR LA ADMINISTRACION,SI
4172438,PEDRO ALEJANDRO MARTINEZ,TIJUANA,OPERACIONES,08/09/22,07/02/23,mejora laboral,SI,BUENA,BUENA,BUENA,REGULAR,BUENA,BUENA,BUENA,EXCELENTE,BUENO,BUENO,SI,SI,EXCELENTES,A GUSTO,AMBIENTE LABORAL,RUTAS,MEJORES RUTAS,SI
4177273,ROBERTO DIONICIO GONZALEZ,TIJUANA,OPERACIONES,26/12/22,09/02/23,NA,SI,BUENA,BUENA,BUENA,REGULAR,BUENA,BUENA,BUENA,BUENA,BUENO,BUENO,SI,SI,BUENAS,MUY BIEN,EL HORARIO,NA,NA,SI
3440474,PEDRO ALEJANDRO MARTINEZ,TIJUANA,OPERACIONES,21/08/17,14/02/23,mejora laboral,SI,BUENA,BUENA,BUENA,BUENA,BUENA,BUENA,BUENA,BUENA,BUENO,BUENO,SI,SI,BUENAS,MUY BIEN,AMBIENTE LABORAL,NA,NA,SI
4172819,PEDRO ALEJANDRO MARTINEZ,TIJUANA,OPERACIONES,15/09/22,27/02/22,CAMBIO DE RESIDENCIA,SI,BUENA,BUENA,BUENA,BUENA,BUENA,BUENA,BUENA,EXCELENTE,BUENO,BUENO,SI,SI,BUENAS,BIEN,TODO,NA,NA,SI
4171888,PEDRO ALEJANDRO MARTINEZ,TIJUANA,OPERACIONES DE ABARROTES,26/08/22,28/02/22,CAMBIO DE RESIDENCIA,SI,REGULAR,MALA,MALA,REGULAR,NA,BUENA,REGULAR,BUENA,BUENO,BUENO,SI,SI,REGULARES,BIEN,HORARIO,NO PAGAN A TIEMPO LOS BONOS,NA,NA
4178798,PEDRO ALEJANDRO MARTINEZ,TIJUANA,OPERACIONES DE ABARROTES,05/02/23,01/03/23,incomformidad,SI,MALA,BUENA,BUENA,REGULAR,BUENA,REGULAR,REGULAR,BUENA,BUENO,BUENO,SI,SI,BUENAS,BIEN,PRESTACIONES,RUTAS,MEJORES RUTAS,NO
4167348,MISAEL,TIJUANA,OPERACIONES DE ABARROTES,23/05/22,02/03/23,incomformidad,SI,MALA,BUENA,BUENA,NA,REGULAR,REGULAR,BUENA,BUENA,MALA,MALO,SI,SI,BUENAS,BIEN,NA,PREFERENCIAS,CAMBIAR LIDERES,SI
4152727,PEDRO ALEJANDRO MARTINEZ,TIJUANA,OPERACIONES DE ABARROTES,20/05/22,02/03/23,incomformidad,NA,MALA,BUENA,BUENA,BUENA,NA,NA,NA,REGULAR,BUENO,BUENO,SI,SI,NA,REGULAR,HORARIO,RUTAS,MAS COMUNICACION,NO
4162073,MISAEL,TIJUANA,OPERACIONES DE ABARROTES,17/02/22,13/03/23,Transporte,SI,REGULAR,REGULAR,REGULAR,REGULAR,REGULAR,REGULAR,REGULAR,BUENA,BUENO,BUENO,SI,SI,BUENAS,REGULAR,NA,NA,NA,SI
4166223,PEDRO ALEJANDRO MARTINEZ,TIJUANA,OPERACIONES DE ABARROTES,05/05/22,30/01/23,NA,SI,BUENA,REGULAR,REGULAR,REGULAR,BUENA,BUENA,BUENA,BUENA,BUENO,BUENO,SI,SI,BUENAS,BIEN,TODO,NA,NA,SI
4177448,NA,TIJUANA,OPERACIONES DE ABARROTES,09/01/23,17/03/23,PROBLEMAS DE SALUD,NO,BUENA,BUENA,BUENA,REGULAR,REGULAR,REGULAR,REGULAR,EXCELENTE,BUENO,BUENO,SI,SI,EXCELENTES,BIEN,HORARIOS,MATERIAL BRINDADO,NA,SI
1960259,PEDRO ALEJANDRO MARTINEZ,TIJUANA,OPERACIONES DE ABARROTES,16/03/23,22/03/23,RAZONES DE HORARIO,SI,BUENA,BUENA,BUENA,BUENA,BUENA,BUENA,BUENA,NA,BUENO,BUENO,SI,SI,BUENAS,MUY BIEN,NA,NA,NA,SI
4176417,GERMAN,TIJUANA,OPERACIONES DE TIJUANA,01/12/22,02/01/23,mejora laboral,SI,BUENA,BUENA,BUENA,BUENA,BUENA,BUENA,BUENA,BUENA,BUENO,BUENO,SI,SI,BUENAS,BIEN,NA,EL SUELDO,ORGANIZACION,SI
3958983,PEDRO ALEJANDRO MARTINEZ,TIJUANA,OPERACIONES DE TIJUANA,07/04/22,04/01/23,incomformidad,SI,BUENA,BUENA,BUENA,BUENA,BUENA,BUENA,BUENA,BUENA,BUENO,BUENO,SI,SI,BUENAS,BIEN,NA,EL TIEMPO,NA,SI
4169112,PEDRO ALEJANDRO MARTINEZ,TIJUANA,OPERACIONES DE TIJUANA,24/06/22,04/01/23,incomformidad,SI,BUENA,BUENA,BUENA,REGULAR,REGULAR,BUENA,MALA,MAL PAGADO,BUENO,BUENO,NO,SI,BUENAS,BIEN,TIEMPO,RUTAS MAL TRAZADAS,SUBIR SALARIO,SI
1894022,GERMAN,TIJUANA,OPERACIONES DE TIJUANA,02/04/14,25/01/23,PROBLEMAS FAMILIARES,SI,BUENA,BUENA,BUENA,BUENA,BUENA,BUENA,BUENA,BUENA,BUENO,BUENO,SI,SI,BUENAS,BIEN,EL TRABAJO,NA,NA,SI
4175955,NA,TIJUANA,OPERACIONES DE TIJUANA,22/11/22,01/02/23,Transporte,SI,REGULAR,REGULAR,BUENA,REGULAR,REGULAR,REGULAR,REGULAR,BUENA,RESPONSABLE,BUENO,SI,SI,BUENAS,BIEN,HORARIO,RETRIBUCION,MEJOR CONTROL DE RUTAS,SI
1928082,GERMAN,TIJUANA,OPERACIONES DE TIJUANA,20/05/22,01/02/23,mejora laboral,SI,MALA,BUENA,REGULAR,MALA,REGULAR,REGULAR,REGULAR,BUENA,MALO,BUENO,SI,SI,BASICAS,MUY BIEN,AMBIENTE LABORAL,NA,CAPACITACION,SI
3571070,PEDRO ALEJANDRO MARTINEZ,TIJUANA,OPERACIONES DE TIJUANA,30/05/18,02/02/23,mejora laboral,SI,REGULAR,REGULAR,REGULAR,REGULAR,REGULAR,BUENA,BUENA,NA,BUENA,BUENO,SI,SI,BUENAS,MUY BIEN,APRENDER,NA,NA,SI
4151924,NA,GUADALAJARA,AYUDANTE REPARTO ABARROTES LOCAL,09/07/21,28/02/23,OTRAS,SI,BUENA,BUENA,BUENA,BUENA,BUENA,BUENA,BUENA,BUENA,BUENA,BUENO,SI,SI,MUY BUENAS,AGUSTO,TODO,NA,NA,SI
4179249,DAVID PAZ,GUADALAJARA,OPERADOR REPARTIDOR ABARROTES LOCAL,17/02/23,28/02/23,PROBLEMAS FAMILIARES,SI,BUENA,BUENA,BUENA,BUENA,BUENA,BUENA,BUENA,MUY BUENA EMPRESA CON EXCELENTE AMBIENTE LABORAL,SIEMPRE ME AYUDO Y ME ACLARO CUALQUIER DUDA,MUY BUEN AMBIENTE TODOS SE APOYAN,SI,SI,EXCELENTES,MUY COMODO Y AGUSTO,EL AMBIENTE LABORAL ME ENCANTA,NA,NINGUNA COMO EMPRESA ES UNA DE LAS MEJORES EN LAS QUE HE LABORADO,SI
4178040,DAVID PAZ,GUADALAJARA,OPERADOR REPARTIDOR ABARROTES LOCAL,20/01/23,01/02/23,PROBLEMAS FAMILIARES,SI,BUENA,BUENA,BUENA,BUENA,BUENA,BUENA,BUENA,ES MUY BUENA EMPRESA,ES MUY BUEN JEFE,TODO ESTA BIEN,SI,SI,ESTAN BIEN,MUY BIEN,QUE ES MUY BUENA EMPRESA,NA,QUE SE ME DE OTRA OPORTUNIDAD PARA VOLVER A ENTRAR ESTOY A LA ORDEN DE LA EMPRESA,SI
4179252,NA,GUADALAJARA,OPERADOR REPARTIDOR ABARROTES LOCAL,17/02/23,01/02/23,NA,NA,NA,NA,NA,NA,NA,NA,NA,NA,NA,NA,NA,NA,NA,NA,NA,NA,NA,NA
4179319,NA,GUADALAJARA,OPERADOR REPARTIDOR ABARROTES LOCAL,17/02/23,01/03/23,NA,NA,NA,NA,NA,NA,NA,NA,NA,NA,NA,NA,NA,NA,NA,NA,NA,NA,NA,NA
4175407,DAVID PAZ,GUADALAJARA,AYUDANTE REPARTO ABARROTES LOCAL,11/11/22,01/03/23,PROBLEMAS DE SALUD,SI,BUENA,BUENA,BUENA,REGULAR,BIEN,BIEN,BIEN,BUEN AMBIENTE LABORAL Y BUENA ATENCION,BIEN CUMPLE CON SU PUESTO AL CIEN,BUENO,SI,SI,SON BUENAS,BIEN COMODO,ME GUSTO EL AMBIENTE LABORAL,NA,NINGUNA,SI
4162437,SALVADOR AVINA,GUADALAJARA,AYUDANTE REPARTO ABARROTES LOCAL,25/02/22,03/03/23,OTRAS,NA,BUENA,REGULAR,MALA,BUENA,BUENA,REGULAR,REGULAR,NA,NA,NA,NA,NA,NA,NA,NA,NA,NA,NA
4179670,NA,GUADALAJARA,OPERADOR REPARTIDOR LOCAL,24/02/23,06/03/23,RAZONES DE HORARIO,SI,BUENA,BUENA,BUENA,NA,NA,NA,NA,MUY BUENA,BUENO,BIEN,SI,SI,MUY BUENAS,BIEN Y AGUSTO,LOS HORARIOS,NA,MEJORAR HORARIOS FIJOS,SI
4178442,ROSALIA ZOLA,GUADALAJARA,OPERADOR REPARTIDOR ABARROTES LOCAL,27/01/23,09/03/23,PROBLEMAS FAMILIARES,NO,MALA,BUENA,MALA,REGULAR,REGULAR,MALA,MALA,"BUENA, BUENAS PRESTACIONES",BUENA,BUENOS COMPAÑEROS,SI,SI,BUENAS,BIEN PERO ES MUCHO TIEMPO DENTRO DE LA EMPRESA,NA,,SE TRABAJA MAS DE LO ACORDADO,NA
4176404,SALVADOR AVINA,GUADALAJARA,AYUDANTE REPARTO ABARROTES LOCAL,02/12/22,10/03/23,RAZONES DE HORARIO,SI,BUENA,BUENA,REGULAR,BUENA,REGULAR,BUENA,BUENA,BUENA EMPRESA,NA,MUY BUENO,SI,SI,MUY BUENAS,BIEN,EL AMBIENTE Y EL HORARIO,NA,MEJORAR LOGISTICA EN RUTA Y HORARIO,SI
4179520,NA,GUADALAJARA,AYUDANTE REPARTO ABARROTES LOCAL,24/02/23,14/03/23,NA,NA,NA,NA,NA,NA,NA,NA,NA,NA,NA,NA,NA,NA,NA,NA,NA,NA,NA,NA
4179685,NA,GUADALAJARA,OPERADOR REPARTIDOR ABARROTES LOCAL,24/02/23,14/03/23,NA,NA,NA,NA,NA,NA,NA,NA,NA,NA,NA,NA,NA,NA,NA,NA,NA,NA,NA,NA
4175165,DAVID PAZ,GUADALAJARA,AYUDANTE REPARTO ABARROTES LOCAL,04/11/22,27/03/23,OTRAS,SI,REGULAR,BUENA,REGULAR,BUENA,BUENA,BUENA,BUENA,FALTA DE LOGISTICA,TODOS LOS COMPAÑEROS DEL TURNO NOCTURNO NO LO QUIEREN DEBIDO A QUE NO PAGA LO QUE ES DE TODOS TIENEN QUEJAS DE EL,BUEN AMBIENTE,SI,SI,BUENAS,BIEN,ME GUSTO EL AMBIENTE LABORAL,NO ME GUSTO EL SUPERVISOR SUPER MAMON Y MERECE ESE PUESTO,CAMBIAR AL SUPERVISOR NOCTURNO DE LOCAL,SI
4178089,DAVID PAZ,GUADALAJARA,OPERACIONES,20/01/23,01/02/23,Razones de horario,SI,BUENA,BUENA,BUENA,BUENA,BUENA,BUENA,BUENA,NA,BUENA,BUENA,SI,SI,MUY BUENAS,BIEN,AMBIENTE DE TRABAJO,NA,NA,SI
4007943,PABLO HINOJOSA,GUADALAJARA,OPERACIONES,23/04/19,02/02/23,Termino de contrato,SI,REGULAR,REGULAR,REGULAR,REGULAR,REGULAR,REGULAR,REGULAR,MUY BUENA,MUY BUENA,BUENA,SI,SI,BUENAS,BIEN,PRESTACIONES,CARGA DE TRABAJO,EMPATIZAR POR LA CARGA DE TRABAJO,SI
4045363,MARTIN GOMEZ,GUADALAJARA,OPERACIONES,04/11/19,10/02/23,mejora laboral,SI,BUENA,BUENA,BUENA,BUENA,BUENA,BUENA,BUENA,MUY BUENA,MUY BUENA,MUY BUENA,SI,SI,MUY BUENAS,MUY BIEN,AMBIENTE DE TRABAJO,NA,TENER CARGAS EN TIEMPO,NA
4175435,SALVADOR AVIÑA,GUADALAJARA,OPERACIONES,11/11/22,21/02/23,No se entendio con el jefe,SI,REGULAR,BUENA,BUENA,BUENA,BUENA,REGULAR,BUENA,BUENA,MALA,REGULAR,SI,SI,MUY BUENAS,BIEN,EL PUESTO,LAS UNIDADES,CAPACITACION A JEFES DIRECTOS Y MEJORAR EL ESTADO DE LAS UNIDADES,SI
4177391,CHAVAQUINA,GUADALAJARA,OPERACIONES,30/12/22,21/02/23,No cumplio sus expectativas,NO,BUENA,BUENA,BUENA,REGULAR,REGULAR,BUENA,REGULAR,BUENA,NA,BUENA,SI,SI,MUY BUENAS,MAL,PRESTACIONES,MI LIDER,EVALUAR LIDERES,SI
4162732,NA,GUADALAJARA,OPERACIONES,04/03/22,22/02/23,Razones de horario,SI,BUENA,BUENA,BUENA,BUENA,BUENA,BUENA,BUENA,MUY BUENA,BUENA,BUENA,SI,SI,BUENAS,MUY BIEN,AMBIENTE DE TRABAJO,FALLA EN CAMIONES,ARREGLAR LOS CAMIONES,SI
4163148,ROSY,GUADALAJARA,OPERACIONES,11/03/22,22/02/23,Otras,SI,BUENA,BUENA,BUENA,REGULAR,BUENA,BUENA,BUENA,BUENA,BUENA,MUY BUENA,SI,SI,BUENAS,MUY BIEN,OPORTUNIDADES DE CRECIMIENTO,,NA,NA
4174062,NA,GUADALAJARA,OPERACIONES,14/10/22,22/02/23,Otras,SI,REGULAR,REGULAR,REGULAR,REGULAR,REGULAR,REGULAR,BUENA,BUENA,BUENA,BUENA,SI,SI,BUENAS,BIEN,BUENA EMPRESA,CAMIONES EN MAL ESTADO,CAMIONES NUEVOS,SI
4174470,NA,GUADALAJARA,OPERACIONES,21/10/22,22/02/23,Otras,SI,REGULAR,REGULAR,REGULAR,REGULAR,REGULAR,MALA,MALA,REGULAR,REGULAR,REGULAR,NO,SI,BUENAS,BIEN,NA,CAMIONES EN MAL ESTADO,CAMIONES NUEVOS,NO
4174061,ROSY,GUADALAJARA,OPERACIONES,14/10/22,24/02/23,Termino de contrato,SI,BUENA,BUENA,BUENA,REGULAR,BUENA,MALA,BUENA,REGULAR,MUY BUENA,BUENA,SI,SI,MUY BUENAS,MUY BIEN,AMBIENTE DE TRABAJO,HERRAMIENTAS DE TRABAJO,CAMIONES NUEVOS,SI
4179267,DAVID PAZ,GUADALAJARA,OPERACIONES,17/02/23,24/02/23,Razones de horario,SI,BUENA,BUENA,BUENA,BUENA,BUENA,REGULAR,BUENA,BUENA,BUENA,BUENA,SI,SI,MUY BUENAS,BIEN,PRESTACIONES,HORARIO,NA,SI
4173478,SALVADOR AVIÑA,GUADALAJARA,OPERACIONES,30/09/22,27/02/23,Otras,NA,BUENA,BUENA,BUENA,BUENA,BUENA,BUENA,BUENA,NA,NA,NA,NA,NA,NA,NA,NA,NA,NA,SI
4161630,FERNANDA CORONA,GUADALAJARA,OPERACIONES,10/02/22,03/01/23,mejora laboral,SI,BUENA,MALA,BUENA,BUENA,BUENA,REGULAR,BUENA,EXCELENTE,EXCELENTEMENTE CAPACITADO,DE MARAVILLA,SI,SI,MUY BIEN PODRIAN SER COMO EN OTRAS AREAS DE NEGOCIOS DEL GRUPO,SIEMPRE BIEN,EL AMBIENTE DE TRABAJO,FACTORES EXTERIORES DEL CLIENTE,PONER MAS ANTENCION EN LOS SUPERIORES DE OPERACIONES,SI
4158746,MARTIN GOMEZ,GUADALAJARA,OPERACIONES,10/10/22,05/01/23,mejora laboral,SI,BUENA,BUENA,BUENA,BUENA,BUENA,MALA,REGULAR,AL PRINCIPIO BUENA PERO FUE CAMBIANDO CONFORME PASABA EL TIEMPO,QUE LE FALTA MUCHO PARA SER JEFE,MALO,NO,NO,REGULAR,ESTA VEZ ME SENTI MUY MAL,YA NADA ME GUSTO SE PORTARON MAL CONMIGO,LES FALTA MUCHO COMO EMRESA,NO,ESTA VEZ SE PORTARON MUY MAL CONMIGO Y ME VOY CON MUY MAL SABOR DE BOCA PERO LES AGRADEZCO LA OPORTUNIDAD
4173131,DAVID PAZ,GUADALAJARA,OPERACIONES,23/09/22,09/01/23,No cumplio sus expectativas,SI,REGULAR,BUENA,BUENA,REGULAR,BUENA,BUENA,BUENA,DEBEN CONFIAR EN LAS PERSONAS,MUY BUENA,BUENO,TENEMOS LAS HERRAMIENTAS,SI,BUENO,REGULAR,EL COMPAÑERISMO,CONFIANZA,NO,POR LO MISMO MENCIONADO
4176454,SALVADOR AVIÑA,GUADALAJARA,OPERACIONES,02/12/22,09/01/23,PROBLEMAS FAMILIARES,SI,BUENA,BUENA,REGULAR,REGULAR,BUENA,REGULAR,BUENA,ES BUENA,MUY BUEN ENCARGADO,BUEN AMBIENTE,SI,SI,ESTAN BIEN,BIEN,EL SUELDO,NINGUNA,SI,NA
4175409,DAVID PAZ,GUADALAJARA,OPERACIONES,11/11/22,10/01/23,NA,SI,REGULAR,BUENA,REGULAR,BUENA,BUENA,BUENA,BUENA,BUENA EMPRESA SOLAMENTE UN POCO DE ATRASO CON LOS PAGOS,BUENO,TRANQUILO,SI,SI,BUENAS,MUY AGUSTO,EL TIPO DE TRABAJO LAS PRESTACIONES,MEJORAR LOS HORARIOS,SI,NA
4176126,ROSALIA SOTA,GUADALAJARA,OPERACIONES,25/11/22,11/01/23,TERMINO DE CONTRATO,SI,BUENA,REGULAR,BUENA,REGULAR,REGULAR,BUENA,REGULAR,BUENA EMPRESA,MUY BUENA JEFA,BUEN AMBIENTE LABORAL,SI,SI,SON BUENOS,MUY BIEN,EL TIEMPO DE ESPERA Y LA LOGISTICA,NA,SI,NA
4172210,DAVID PAZ,GUADALAJARA,OPERACIONES,02/09/22,13/01/23,incomformidad,SI,BUENA,BUENA,BUENA,REGULAR,BUENA,BUENA,BUENA,BUENA EMPRESA,BUENA PERSONA Y BUEN TRATO CON LA GENTE,ME LA LLEVABA BIEN CON TODOS NO TUVE PROBLEMA CON ESO,CAPACITACON COMPLETA,SI ES PRIMER DIA DE INGRESO,BUENAS PRESTACIONES RESPECTO A LO QUE DESEMPEÑAMOS,MUY BIEN ES UNA EMORESA MUY FLEXIBLE,QUE UNO MANDA SUS HORARIOS ESTANDO EN CEDIS Y EN RUTA LO QUE MENOS LOS ATRASOS,QUE HUBIERAN MENOS ATRASOS Y CUANDO HAYA TEMAS DE FALTANTES QUE SIERON SOLUCION MAS RAPIDO PORQUE ES ESPERAR Y ESPERAR,SI,BUENA EMPRESA Y TIENEN BUEN TRATO CON LA GENTE
4175441,SALVADOR AVIÑA,GUADALAJARA,OPERACIONES,11/11/22,19/01/23,mejora laboral,SI,BUENA,REGULAR,BUENA,BUENA,BUENA,BUENA,BUENA,BUENA,BUENA,BUENA,SI,SI,EXCELENTES,AGUSTO,EL TRATO AMABLE,NA,SI,NA
4175563,NA,GUADALAJARA,OPERACIONES,11/11/22,24/01/23,NA,NA,NA,NA,NA,NA,NA,NA,NA,NA,NA,NA,NA,NA,NA,NA,NA,NA,NA,NA
4176157,ROSALIA SOTA,GUADALAJARA,OPERACIONES,25/11/22,24/01/23,TERMINO DE CONTRATO,NA,BUENA,BUENA,BUENA,BUENA,BUENA,BUENA,BUENA,BUENA,BIEN,BUENA,SI,SI,BUENAS,BIEN,TODO,NADA,SI,NA
4176161,ROSALIA SOTA,GUADALAJARA,OPERACIONES,25/11/22,24/01/23,TERMINO DE CONTRATO,SI,BUENA,BUENA,BUENA,BUENA,BUENA,BUENA,BUENA,NA,NA,NA,SI,SI,NA,MUY AGUSTO Y CONFORM,NA,NA,SI,NA
4178044,SALVADOR AVIÑA,GUADALAJARA,OPERACIONES,20/01/23,24/01/23,mejora laboral,SI,BUENA,BUENA,BUENA,REGULAR,BUENA,BUENA,BUEAN,ES BUENA,BUENA EN SU TRABAJO,BUENO,SI,SI,BUENAS,BIEN,TODO ESTA BIEN,NINGUNA,SI,NA
4177393,SALVADOR AVIÑA,GUADALAJARA,OPERACIONES,30/12/22,26/01/23,PROBLEMAS FAMILIARES,SI,BUENA,BUENA,BUENA,BUENA,BUENA,REGULAR,BUENA,BUENA,BUENA,ES MUY BUENA,SI,SI,MUY BUENAS,MUY BIEN,NA,NA,SI,NA
4178425,NA,GUADALAJARA,OPERACIONES,27/01/22,18/01/23,NA,NA,NA,NA,NA,NA,NA,NA,NA,NA,NA,NA,NA,NA,NA,NA,NA,NA,NA,NA
4170084,PEDRO CHAVEZ NERI,Oxxo,OPERACIONES,20/07/22,23/01/23,RENUNCIA,SI,MALA,REGULAR,BUENA,NA,NA,BUENA,NA,NA,NA,NA,NA,NA,NA,NA,NA,NA,NA,NA
4172898,PEDRO CHAVEZ NERI,Oxxo,OPERACIONES,19/09/22,13/01/22,TERMINO DE CONTRATO,SI,REGULAR,REGULAR,MALA,REGULAR,REGULAR,REGULAR,REGULAR,NA,NA,NA,SI,SI,NA,NORMAL,NA,NA,NA,SI
4175433,PEDRO CHAVEZ NERI,Oxxo,OPERACIONES,11/11/22,09/02/23,TERMINO DE CONTRATO,SI,REGULAR,BUENA,REGULAR,REGULAR,REGULAR,REGULAR,REGULAR,BUENA,BUEN ELEMENTO,COMODO Y BUENO,SI,SI,REGULARES,BIEN Y COMODO,EL AMBIENTE SI ME ACOMODO,NA,ORGANIZAR MAS LOS TIENMPOS DE SALIDA,SI
4178265,PEDRO CHAVEZ NERI,Oxxo,OPERACIONES,26/01/23,21/02/23,mejora laboral,SI,REGULAR,BUENA,BUENA,BUENA,BUENA,BUENA,BUENA,MUY BUENA EMPRESA,EXCELENTE,REGULAR,SI,SI,MUY BUENAS,EXCLENTE,TODO PERFECTO,FALTA DE ORGANIZACION,NA,SI
1691184,PEDRO CHAVEZ NERI,Oxxo,OPERACIONES,12/09/22,07/03/23,mejora laboral,SI,MALA,REGULAR,REGULAR,REGULAR,REGULAR,REGULAR,MALA,ES UNA BUENA EMPRESA SOLO CONSIDERO QUE FALTA MAS COORDINACION,QUE HACIA LO NECESARIO PARA CUMPLIR SU TRABAJO PERO SE VEIA MUY LIMITADO,EN OCACIONES ES MUY ESTRESANTE DEBIDO A QUE NO TENIAN LAS HERRAMIENTAS NECESARIAS PARA DESEMPEÑAR SU TRABAJO,SI,SI,SON BUENAS,BIEN,QUE HAY BUEN AMBIENTE LABORAL,,QUE TENGAN UNA BUENA FLOTILLA DE UNIDADES Y QUE SEAN SUFICIENTES PARA PODER SACAR EL TRABAJO,SI
4174102,PEDRO CHAVEZ NERI,Oxxo,OPERACIONES,14/10/22,13/01/22,DOPIN,NO,MALA,NA,MALA,BUENA,BUENA,BUENA,BUENA,FALTA UNA MEJOR LOGISTICA,NA,BIEN,NO,NO,BUENAS,BIEN,ME GUSTA MANEJAR,NO ME GUSTA QUE SE HECHEN LA BOLITA UNOS A OTROS,NA,SI
4177344,PEDRO CHAVEZ NERI,Oxxo,OPERACIONES,02/01/23,17/01/23,mejora laboral,SI,BUENA,BUENA,BUENA,BUENA,BUENA,BUENA,BUENA,ME PARECE UNA BUENA EMPRESA,TUVE POCO DE CONOCERLO,BUENA,SI,SI,BUENAS,BIEN,APRENDER COSAS DIFERENTES,NO ME GUSTO LA FORMA DE ROLAR LO TURNOS,ROLAR LOS TURNOS NO TAN DRASTICOS,SI
4169884,PEDRO CHAVEZ NERI,Oxxo,OPERACIONES,20/07/22,18/01/23,No cumplio sus expectativas,SI,MALA,MALA,MALA,REGULAR,REGULAR,REGULAR,REGULAR,ES MUY BUENA EMPRESA SOLO QUE OFRECEN ALGO QUE NO CUMPLEN (SUPERVISORES Y JEFE DIRECTO),PESIMO,ES MUY BUENO EL ABMIENTE DE TRABAJO,SI,SI,PERFECTAS,DE LO MEJOR,LO QUE MAS ME GUSTO FUE ALGUNOS HORARIOS DE ENTREGA,LA FORMA EN LA QUE SE ORGANIZARON LOS SUPERVISIORES,UNA CAPACITACION A LOS SUPERVISIORES,SI
4169841,PEDRO CHAVEZ NERI,Oxxo,OPERACIONES,22/07/22,02/02/23,mejora laboral,SI,REGULAR,MALA,REGULAR,REGULAR,BUENA,BUENA,BUENA,ES UNA BUENA EMPRESA PERO FALTA QUE SE ORGANICEN MAS,NO HAY NADA QUE COMENTAR,BUENA,NO,SI,BUENAS,MUY BIEN,ME GUSTO MUCHO EL COMPAÑERISMO,JORNADAS DE TRABAJO,MEJOR PLANEACION DE RUTAS Y MEJORES CAMIONES,SI
4161582,PEDRO CHAVEZ NERI,Oxxo,OPERACIONES,08/02/22,13/01/23,mejora laboral,NA,NA,NA,NA,NA,NA,NA,NA,NA,NA,NA,NA,NA,NA,NA,NA,NA,NA,NA
4170259,PEDRO CHAVEZ NERI,Oxxo,OPERACIONES,27/07/22,03/01/23,NO PAGABAN LA NOMINA BIEN,NO,MALA,MALA,MALA,REGULAR,REGULAR,BUENA,BUENA,LA EMPRESA DA MUCHAS BUENAS OPORTUNIDADES,QUE SON MUY MALOS AL MOMENTO DE PAGAR LAS NOMINAS,COMO TODO HAY BUENAS Y MALAS,NO,SI,BUENAS,BIEN,LOS VIAJES,LOS HORARIOS,QUE LOS SUPERVISORES TOMEN CONCIENCIA DE LOS PAGOS Y MAYOR MANTENIMIENTO DE LAS UNIDADES,SI
4167367,PEDRO CHAVEZ NERI,Oxxo,OPERACIONES,25/05/22,27/01/23,NA,NA,NA,NA,NA,NA,NA,NA,NA,NA,NA,NA,NA,NA,NA,NA,NA,NA,NA,NA
4175841,PEDRO CHAVEZ NERI,Oxxo,OPERACIONES,19/11/22,03/02/23,RAZONES DE HORARIO,SI,BUENA,BUENA,BUENA,BUENA,BUENA,BUENA,BUENA,BUENA,BUENA,BUENA,SI,SI,BUENAS,BIEN,NA,NA,NA,SI
4175418,PEDRO CHAVEZ NERI,Oxxo,OPERACIONES,11/11/22,09/02/23,OTRAS,SI,BUENA,BUENA,BUENA,BUENA,BUENA,BUENA,BUENA,EXCELENTE EMPRESA,EXCELENTE,EXCELENTE,SI,SI,100,EXCELENTE,CONOCER NUEVAS RUTAS,MALA ACTITUD DEL PERSONAL DE TIENDAS,EN LAS TIENDAS TIENEN MALA ACTITUD CON LOS OPERADORES,SI
4177372,PEDRO CHAVEZ NERI,Oxxo,OPERACIONES,29/12/22,09/02/23,mejora laboral,NA,MALA,BUENA,REGULAR,BUENA,BUENA,BUENA,BUENA,"FALTA DE ORGANIZACION EN EL AREA DE SUPERVISORES, UNCUMPLIENDO LO NEGOCIADO",MAL CARACTER FALTA DE COMPROMISO Y HUMANISMO FALTA DE CONSIDERACIONES DE HORARIOS,FALTA MEJORAR EL AREA DE RUTEO YA QUE LOS DESFASES DE TIEMPO ES MUCHO,SI,SI,MUY BUENO,CIERTO TIEMPO A GUSTO AUQNUE INCONFORME CON LOS SUPERVISORES,EL SUELDO,ORGANIZACION Y EL INCUMPLIMIENTO DE LOS SUPERVISIORES,MEJORAR EL TRATO CON EL EMPLEADO RESPETAR ACUEROS EN TEMAS DE DESCANSO ORGANIZACION FINAL,NO
4175842,PEDRO CHAVEZ NERI,Oxxo,OPERACIONES,19/11/22,25/01/23,mejora laboral,SI,REGULAR,BUENA,BUENA,BUENA,BUENA,BUENA,BUENA,BUENA,AMABLE Y ESCUCHA,BUENA,SI,SI,QUE SON BUENAS,MUY BIEN A GUSTO,EL AMBIENTE DE LOS COMPAÑEROS Y EL TRATO DE LOS SUPERVISORES,ME GUSTAN LOS HORARIOS,TODO ESTA BIEN,SI
4171030,PEDRO CHAVEZ NERI,Oxxo,OPERACIONES,10/08/22,24/01/23,OTRAS,SI,BUENA,BUENA,BUENA,BUENA,BUENA,BUENA,BUENA,BUENA,BUENA,BUENA,SI,SI,BUENA,BIEN,TODO BIEN,TODO BIEN,NA,SI
4174821,PEDRO CHAVEZ NERI,Oxxo,OPERACIONES,28/10/22,15/02/23,OTRAS,SI,BUENA,BUENA,BUENA,BUENA,BUENA,BUENA,BUENA,NA,NA,BUENO,SI,SI,NA,LA EMPRESA ES BUENA,TODO ESTA MUY BIEN,TODO ESTA MUY BIEN,NA,SI
4168475,PEDRO CHAVEZ NERI,Oxxo,OPERACIONES,15/06/22,13/03/23,OTRAS,SI,BUENA,BUENA,BUENA,BUENA,BUENA,BUENA,BUENA,SE TIENE CRECIMIENTO Y ATENTOS HACIA TU TRABAJO,MUY RESPONSABLE Y SABE DIRIGIRCE CON RESPETO,BUENO TE EXPLICAN CADA UNO DE LOS PASOS,SI,SI,BUENAS,BIEN,LA FORMA DE TRABAJAR,NA,NA,SI
4179127,PEDRO CHAVEZ NERI,Oxxo,OPERACIONES,16/02/23,24/02/23,Transporte,SI,REGULAR,BUENA,BUENA,REGULAR,BUENA,BUENA,BUENA,MUY BUENA EMPRESA PRESTACIONES Y AMBIENTE LABORAL,BUENA GENTE NO HAY PROBLEMA CON EL,ENTRETENIDO,SI,SI,MUY BUENAS PRESTACIONES Y OPORTUNIDAD DE CRECIMIENTO,MUY BIEN Y BUEN AMBIENTE LABORAL,TRATO DEL PERSONAL DE RH A LOS DE NUEVO INGRESO,NA,ORGANIZACION EN TIENDAS PARA DESCARGAR,SI
4175128,PEDRO CHAVEZ NERI,Oxxo,OPERACIONES,05/11/22,21/02/23,mejora laboral,SI,MALA,BUENA,MALA,MALA,BUENA,BUENA,MALA,BUENA EMPRESA MALAS CONDICIONES DE TRABAJO,LOS SUPERVISORES NO ESTAN ORGANIZADOS,BUENOS COMPAÑEROS MUCHA DESORGANIZACION,SI,SI,NO ME AGRADO PORQUE ESTA MUY BAJO,BUEN AMBIENTE,NA,TARDANZA EN EL PAGO DEL SALARIO,MEJOR ORGANIZACION EN LAS RUTAS,SI
1796537,PEDRO CHAVEZ NERI,Oxxo,OPERACIONES,23/11/22,21/02/23,TERMINO DE CONTRATO,SI,MALA,MALA,MALA,REGULAR,MALA,MALA,MALA,FALTA MUCHA ORGANIZACION DE LA LOGISTICA DE LAS RUTAS,TIENEN PREFERENCIAS,ESTA BIEN,NO,SI,ES MUY POCO PARA EL TRABAJO QUE SE REALIZA,INSEGURO EN LOS CAMIONES E INSATISFECHO CON LAS RUTAS,NA,NO ME GUSTO LAS PREFERENCIAS DE LOS SUPERVISORES NI COMO HACEN LAS RUTAS,MEJORAR EL RUTEO Y EQUILIBRAR MEJOR LAS RUTAS SON MUY PESADAS,SI
4178268,PEDRO CHAVEZ NERI,Oxxo,OPERACIONES,26/01/23,02/03/23,incomformidad,SI,BUENA,BUENA,BUENA,BUENA,BUENA,BUENA,BUENA,BIEN,BIEN,BIEN,BIEN,BIEN,BIEN,BIEN,BIEN,BIEN,LOS AYUDANTES TE QUIEREN SOBORNAR PARA ROBAR,SI
4178046,PEDRO CHAVEZ NERI,Oxxo,OPERACIONES,20/01/23,03/03/23,mejora laboral,SI,MALA,MALA,MALA,MALA,MALA,MALA,MALA,QUE MEJOREN LAS UNIDADES PARA EVITAR ACCIDENTES,BUENA,BUENA,SI,SI,NA,PREOCUPACION CON LAS UNIDADES EN MAL ESTADO,EL AMBIENTE LABORAL,NA,BUENA LOGISTICA Y BUENA COMUNICACION,SI
4165237,PEDRO CHAVEZ NERI,Oxxo,OPERACIONES,11/11/22,15/02/23,mejora laboral,BUENA,NA,NA,NA,NA,NA,NA,NA,BUENA,REGULAR,DE LO MEJOR,SI,SI,DE LO MEJOR,BIEN,TODO ME GUSTO,NA,MEJORES PARA LAS PERSONAS,SI
4179543,PEDRO CHAVEZ NERI,Oxxo,OPERACIONES,23/02/23,10/03/23,NO SE ENTENDIO CON EL JEFE,NO,MALA,MALA,REGULAR,REGULAR,REGULAR,MALA,MALA,LA EMPRESA ES BUENA PERO EL ENCARGADO ES MALO,MUY MALO PO ESO MI SALIDA,CON MIS COMPAÑEROS BUENA PERO LAS RUTAS SUPER MALO,SI,SI,BUENAS PRESTACIONES,BIEN,PRESTACIONES Y EL COMEDOR,NA,CAMBIAR EL PERSONAL DE OPERADORES YA QUE LOS DE RUTAS TIENEN SUS CONSENTIDOS,SI
4148318,FERNANDO MARTINEZ,LEON,OPERACIONES,14/05/21,14/02/23,mejora laboral,SI,REGULAR,BUENA,REGULAR,REGULAR,BUENA,BUENA,BUENA,BUENA,BUENA,BUENO,SI,SI,NORMAL,BIEN,VIAJES ENTRE ESTADOS,HORARIO LABORAL,MEJOR MANTENIMEINTO,SI
4175680,FERNANDO MARTINEZ,LEON,OPERACIONES,18/11/22,23/03/23,NA,SI,BUENA,BUENA,BUENA,BUENA,BUENA,BUENA,BUENA,NA,NA,BUENO,SI,SI,NA,BIEN,NA,NA,NA,SI
4111705,FERNANDO MARTINEZ,LEON,OPERACIONES,07/07/20,21/03/23,mejora laboral,SI,BUENA,BUENA,REGULAR,REGULAR,NA,BUENA,BUENA,MEJORA,MUY BUENA,MUY BUENO,SI,SI,MUY BUENA,BIEN,SIN PRESION,CAMIONES EN MAL ESTADO,MEJORAR CONDICIONES,SI
4180097,FERNANDO MARTINEZ,LEON,OPERACIONES,07/03/22,22/03/23,Problemas familiares,SI,BUENA,BUENA,BUENA,BUENA,BUENA,BUENA,BUENA,MUY BUENA,NA,MUY BUENO,SI,SI,MUY BUENA,BIEN,TIPO DE TRABAJO,NA,NA,SI
4180024,FERNANDO MARTINEZ,LEON,OPERACIONES,02/02/23,13/03/23,Razones de horario,NO,BUENA,BUENA,REGULAR,MALA,LUZ,BUENA,REGULAR,BUENA,BUENA,NA,SI,SI,BUENA,BIEN,CAPACITACION,HOARIO LABORAL,MEJORAR HORARIOS,SI
4179958,FERNANDO MARTINEZ,LEON,OPERACIONES,02/03/23,10/03/23,mejora laboral,SI,REGULAR,BUENA,BUENA,BUENA,BUENA,BUENA,BUENA,BUENA,BUENA,BUENO,SI,SI,MUY BUENA,MAL,PRESTACIONES,EJECUCION TRABAJO,TRABAJO EN EQUIPO,SI
4173768,FERNANDO MARTINEZ,LEON,OPERACIONES,10/10/22,02/01/23,mejora laboral,SI,REGULAR,REGULAR,REGULAR,REGULAR,REGULAR,REGULAR,REGULAR,BUENA,REGULAR,REGULAR,SI,SI,BUENA,BIEN,VIAJES ENTRE ESTADOS,INGRESOS,REPARTIR TRABAJO,SI
4173781,FERNANDO MARTINEZ,LEON,OPERACIONES,11/10/22,03/01/23,NA,NA,NA,NA,NA,NA,NA,NA,NA,NA,NA,NA,NA,NA,NA,NA,NA,NA,NA,NA
4173385,FERNANDO MARTINEZ,LEON,OPERACIONES,30/09/22,11/01/23,mejora laboral,SI,REGULAR,REGULAR,REGULAR,REGULAR,REGULAR,REGULAR,REGULAR,BUENA,NA,BUENO,SI,SI,BUENA,BIEN,TIPO DE TRABAJO,DESHONESTIDAD,NA,SI
4176673,FERNANDO MARTINEZ,LEON,OPERACIONES,08/12/22,24/01/23,mejora laboral,NO,MALA,REGULAR,MALA,REGULAR,REGULAR,BUENA,BUENA,MALA,REGULAR,MALA,NO,NO,REGULAR,REGULAR,NA,NA,NA,NO
3322048,FERNANDO MARTINEZ,LEON,OPERACIONES,04/01/17,16/01/23,mejora laboral,SI,REGULAR,BUENA,MALA,BUENA,BUENA,BUENA,BUENA,BUENA,NA,BUENO,SI,SI,BUENA,BIEN,PRESTACIONES,CAMIONES EN MAL ESTADO,MEJOR MANTENIMEINTO,SI
4174211,FERNANDO MARTINEZ,LEON,OPERACIONES,15/10/22,16/01/23,NA,SI,BUENA,BUENA,BUENA,BUENA,BUENA,BUENA,BUENA,BUENA,BUENA,BUENO,SI,SI,BUENA,BIEN,TODO,NA,NA,SI
5006887,FERNANDO MARTINEZ,LEON,OPERACIONES,20/12/22,24/01/23,Razones de horario,SI,BUENA,REGULAR,REGULAR,REGULAR,BUENA,BUENA,BUENA,BUENA,BUENA,REGULAR,SI,SI,BUENA,MUY BIEN,TIPO DE TRABAJO,HOARIO LABORAL,COMUNICACION,SI
4177341,FERNANDO MARTINEZ,LEON,OPERACIONES,02/01/23,24/01/23,Razones de horario,SI,REGULAR,REGULAR,REGULAR,REGULAR,REGULAR,REGULAR,REGULAR,BUENA,REGULAR,BUENO,SI,SI,BUENA,BIEN,TIPO DE TRABAJO,HORARIO LABORAL,MEJORAR HORARIOS,SI
4168797,FERNANDO MARTINEZ,LEON,OPERACIONES,20/06/22,09/02/23,incomformidad,SI,MALA,MALA,MALA,BUENA,BUENA,BUENA,BUENA,NA,NA,NA,NA,NA,NA,NA,NA,NA,NA,NA
4175681,FERNANDO MARTINEZ,LEON,OPERACIONES,18/11/22,15/02/23,NA,SI,REGULAR,BUENA,BUENA,REGULAR,REGULAR,REGULAR,REGULAR,MUY BUENA,MUY BUENA,BUENO,SI,SI,MUY BUENA,MUY BIEN,SUELDO,TRATO DE SUPERVISOR,CAMBIO DE ACTITUD,SI